
<RENDERBATCH>

  <RENDERIMG RASNAME="D:\Temp\fpgahdl_xilinx\cf_ad7091r_zed\SDK\SDK_Export\hw\imgs\processing_system7_0.jpg" SVGNAME="D:\Temp\fpgahdl_xilinx\cf_ad7091r_zed\SDK\SDK_Export\hw\imgs\processing_system7_0.svg" TMPSVGFN="D:\Temp\fpgahdl_xilinx\cf_ad7091r_zed\__xps\.dswkshop\processing_system7_0.svg"/>

  <RENDERIMG RASNAME="D:\Temp\fpgahdl_xilinx\cf_ad7091r_zed\SDK\SDK_Export\hw\imgs\axi_vdma_0.jpg" SVGNAME="D:\Temp\fpgahdl_xilinx\cf_ad7091r_zed\SDK\SDK_Export\hw\imgs\axi_vdma_0.svg" TMPSVGFN="D:\Temp\fpgahdl_xilinx\cf_ad7091r_zed\__xps\.dswkshop\axi_vdma_0.svg"/>

  <RENDERIMG RASNAME="D:\Temp\fpgahdl_xilinx\cf_ad7091r_zed\SDK\SDK_Export\hw\imgs\axi_interconnect_1.jpg" SVGNAME="D:\Temp\fpgahdl_xilinx\cf_ad7091r_zed\SDK\SDK_Export\hw\imgs\axi_interconnect_1.svg" TMPSVGFN="D:\Temp\fpgahdl_xilinx\cf_ad7091r_zed\__xps\.dswkshop\axi_interconnect_1.svg"/>

  <RENDERIMG RASNAME="D:\Temp\fpgahdl_xilinx\cf_ad7091r_zed\SDK\SDK_Export\hw\imgs\axi_interconnect_2.jpg" SVGNAME="D:\Temp\fpgahdl_xilinx\cf_ad7091r_zed\SDK\SDK_Export\hw\imgs\axi_interconnect_2.svg" TMPSVGFN="D:\Temp\fpgahdl_xilinx\cf_ad7091r_zed\__xps\.dswkshop\axi_interconnect_2.svg"/>

  <RENDERIMG RASNAME="D:\Temp\fpgahdl_xilinx\cf_ad7091r_zed\SDK\SDK_Export\hw\imgs\axi_hdmi_tx_16b_0.jpg" SVGNAME="D:\Temp\fpgahdl_xilinx\cf_ad7091r_zed\SDK\SDK_Export\hw\imgs\axi_hdmi_tx_16b_0.svg" TMPSVGFN="D:\Temp\fpgahdl_xilinx\cf_ad7091r_zed\__xps\.dswkshop\axi_hdmi_tx_16b_0.svg"/>

  <RENDERIMG RASNAME="D:\Temp\fpgahdl_xilinx\cf_ad7091r_zed\SDK\SDK_Export\hw\imgs\axi_spdif_tx_0.jpg" SVGNAME="D:\Temp\fpgahdl_xilinx\cf_ad7091r_zed\SDK\SDK_Export\hw\imgs\axi_spdif_tx_0.svg" TMPSVGFN="D:\Temp\fpgahdl_xilinx\cf_ad7091r_zed\__xps\.dswkshop\axi_spdif_tx_0.svg"/>

  <RENDERIMG RASNAME="D:\Temp\fpgahdl_xilinx\cf_ad7091r_zed\SDK\SDK_Export\hw\imgs\axi_iic_0.jpg" SVGNAME="D:\Temp\fpgahdl_xilinx\cf_ad7091r_zed\SDK\SDK_Export\hw\imgs\axi_iic_0.svg" TMPSVGFN="D:\Temp\fpgahdl_xilinx\cf_ad7091r_zed\__xps\.dswkshop\axi_iic_0.svg"/>

  <RENDERIMG RASNAME="D:\Temp\fpgahdl_xilinx\cf_ad7091r_zed\SDK\SDK_Export\hw\imgs\axi_clkgen_0.jpg" SVGNAME="D:\Temp\fpgahdl_xilinx\cf_ad7091r_zed\SDK\SDK_Export\hw\imgs\axi_clkgen_0.svg" TMPSVGFN="D:\Temp\fpgahdl_xilinx\cf_ad7091r_zed\__xps\.dswkshop\axi_clkgen_0.svg"/>

  <RENDERIMG RASNAME="D:\Temp\fpgahdl_xilinx\cf_ad7091r_zed\SDK\SDK_Export\hw\imgs\clock_generator_0.jpg" SVGNAME="D:\Temp\fpgahdl_xilinx\cf_ad7091r_zed\SDK\SDK_Export\hw\imgs\clock_generator_0.svg" TMPSVGFN="D:\Temp\fpgahdl_xilinx\cf_ad7091r_zed\__xps\.dswkshop\clock_generator_0.svg"/>

  <RENDERIMG RASNAME="D:\Temp\fpgahdl_xilinx\cf_ad7091r_zed\SDK\SDK_Export\hw\imgs\util_vector_logic_0.jpg" SVGNAME="D:\Temp\fpgahdl_xilinx\cf_ad7091r_zed\SDK\SDK_Export\hw\imgs\util_vector_logic_0.svg" TMPSVGFN="D:\Temp\fpgahdl_xilinx\cf_ad7091r_zed\__xps\.dswkshop\util_vector_logic_0.svg"/>

  <RENDERIMG RASNAME="D:\Temp\fpgahdl_xilinx\cf_ad7091r_zed\SDK\SDK_Export\hw\imgs\axi_i2s_adi_0.jpg" SVGNAME="D:\Temp\fpgahdl_xilinx\cf_ad7091r_zed\SDK\SDK_Export\hw\imgs\axi_i2s_adi_0.svg" TMPSVGFN="D:\Temp\fpgahdl_xilinx\cf_ad7091r_zed\__xps\.dswkshop\axi_i2s_adi_0.svg"/>

  <RENDERIMG RASNAME="D:\Temp\fpgahdl_xilinx\cf_ad7091r_zed\SDK\SDK_Export\hw\imgs\util_i2c_mixer_0.jpg" SVGNAME="D:\Temp\fpgahdl_xilinx\cf_ad7091r_zed\SDK\SDK_Export\hw\imgs\util_i2c_mixer_0.svg" TMPSVGFN="D:\Temp\fpgahdl_xilinx\cf_ad7091r_zed\__xps\.dswkshop\util_i2c_mixer_0.svg"/>

  <RENDERIMG RASNAME="D:\Temp\fpgahdl_xilinx\cf_ad7091r_zed\SDK\SDK_Export\hw\imgs\axi_iic_1.jpg" SVGNAME="D:\Temp\fpgahdl_xilinx\cf_ad7091r_zed\SDK\SDK_Export\hw\imgs\axi_iic_1.svg" TMPSVGFN="D:\Temp\fpgahdl_xilinx\cf_ad7091r_zed\__xps\.dswkshop\axi_iic_1.svg"/>

  <RENDERIMG RASNAME="D:\Temp\fpgahdl_xilinx\cf_ad7091r_zed\SDK\SDK_Export\hw\imgs\axi_interconnect_3.jpg" SVGNAME="D:\Temp\fpgahdl_xilinx\cf_ad7091r_zed\SDK\SDK_Export\hw\imgs\axi_interconnect_3.svg" TMPSVGFN="D:\Temp\fpgahdl_xilinx\cf_ad7091r_zed\__xps\.dswkshop\axi_interconnect_3.svg"/>

  <RENDERIMG RASNAME="D:\Temp\fpgahdl_xilinx\cf_ad7091r_zed\SDK\SDK_Export\hw\imgs\axi_dma_0.jpg" SVGNAME="D:\Temp\fpgahdl_xilinx\cf_ad7091r_zed\SDK\SDK_Export\hw\imgs\axi_dma_0.svg" TMPSVGFN="D:\Temp\fpgahdl_xilinx\cf_ad7091r_zed\__xps\.dswkshop\axi_dma_0.svg"/>

  <RENDERIMG RASNAME="D:\Temp\fpgahdl_xilinx\cf_ad7091r_zed\SDK\SDK_Export\hw\imgs\axi_ad7091r_0.jpg" SVGNAME="D:\Temp\fpgahdl_xilinx\cf_ad7091r_zed\SDK\SDK_Export\hw\imgs\axi_ad7091r_0.svg" TMPSVGFN="D:\Temp\fpgahdl_xilinx\cf_ad7091r_zed\__xps\.dswkshop\axi_ad7091r_0.svg"/>

  <RENDERIMG RASNAME="D:\Temp\fpgahdl_xilinx\cf_ad7091r_zed\SDK\SDK_Export\hw\imgs\system_blkd.jpg" SVGNAME="D:\Temp\fpgahdl_xilinx\cf_ad7091r_zed\SDK\SDK_Export\hw\imgs\system_blkd.svg" TMPSVGFN="D:\Temp\fpgahdl_xilinx\cf_ad7091r_zed\__xps\.dswkshop\system_blkd.svg"/>

</RENDERBATCH>